<?xml version="1.0" encoding="UTF-8"?>
<config xmlns="http://www.knime.org/2008/09/XMLConfig" xmlns:xsi="http://www.w3.org/2001/XMLSchema-instance" xsi:schemaLocation="http://www.knime.org/2008/09/XMLConfig http://www.knime.org/XMLConfig_2008_09.xsd" key="table_meta_info">
<entry key="table_ID" type="xint" value="120620"/>
<entry key="table_type" type="xstring" value="concatenate_table"/>
<config key="table_references">
<entry key="array-size" type="xint" value="44"/>
<entry key="0" type="xstring" value="r0"/>
<entry key="1" type="xstring" value="r1"/>
<entry key="2" type="xstring" value="r2"/>
<entry key="3" type="xstring" value="r3"/>
<entry key="4" type="xstring" value="r4"/>
<entry key="5" type="xstring" value="r5"/>
<entry key="6" type="xstring" value="r6"/>
<entry key="7" type="xstring" value="r7"/>
<entry key="8" type="xstring" value="r8"/>
<entry key="9" type="xstring" value="r9"/>
<entry key="10" type="xstring" value="r10"/>
<entry key="11" type="xstring" value="r11"/>
<entry key="12" type="xstring" value="r12"/>
<entry key="13" type="xstring" value="r13"/>
<entry key="14" type="xstring" value="r14"/>
<entry key="15" type="xstring" value="r15"/>
<entry key="16" type="xstring" value="r16"/>
<entry key="17" type="xstring" value="r17"/>
<entry key="18" type="xstring" value="r18"/>
<entry key="19" type="xstring" value="r19"/>
<entry key="20" type="xstring" value="r20"/>
<entry key="21" type="xstring" value="r21"/>
<entry key="22" type="xstring" value="r22"/>
<entry key="23" type="xstring" value="r23"/>
<entry key="24" type="xstring" value="r24"/>
<entry key="25" type="xstring" value="r25"/>
<entry key="26" type="xstring" value="r26"/>
<entry key="27" type="xstring" value="r27"/>
<entry key="28" type="xstring" value="r28"/>
<entry key="29" type="xstring" value="r29"/>
<entry key="30" type="xstring" value="r30"/>
<entry key="31" type="xstring" value="r31"/>
<entry key="32" type="xstring" value="r32"/>
<entry key="33" type="xstring" value="r33"/>
<entry key="34" type="xstring" value="r34"/>
<entry key="35" type="xstring" value="r35"/>
<entry key="36" type="xstring" value="r36"/>
<entry key="37" type="xstring" value="r37"/>
<entry key="38" type="xstring" value="r38"/>
<entry key="39" type="xstring" value="r39"/>
<entry key="40" type="xstring" value="r40"/>
<entry key="41" type="xstring" value="r41"/>
<entry key="42" type="xstring" value="r42"/>
<entry key="43" type="xstring" value="r43"/>
</config>
<config key="meta_internal">
<config key="table_reference_IDS">
<entry key="array-size" type="xint" value="44"/>
<entry key="0" type="xint" value="120290"/>
<entry key="1" type="xint" value="120282"/>
<entry key="2" type="xint" value="120295"/>
<entry key="3" type="xint" value="120299"/>
<entry key="4" type="xint" value="120307"/>
<entry key="5" type="xint" value="120315"/>
<entry key="6" type="xint" value="120323"/>
<entry key="7" type="xint" value="120331"/>
<entry key="8" type="xint" value="120339"/>
<entry key="9" type="xint" value="120347"/>
<entry key="10" type="xint" value="120355"/>
<entry key="11" type="xint" value="120363"/>
<entry key="12" type="xint" value="120371"/>
<entry key="13" type="xint" value="120379"/>
<entry key="14" type="xint" value="120387"/>
<entry key="15" type="xint" value="120395"/>
<entry key="16" type="xint" value="120403"/>
<entry key="17" type="xint" value="120411"/>
<entry key="18" type="xint" value="120419"/>
<entry key="19" type="xint" value="120427"/>
<entry key="20" type="xint" value="120435"/>
<entry key="21" type="xint" value="120443"/>
<entry key="22" type="xint" value="120451"/>
<entry key="23" type="xint" value="120459"/>
<entry key="24" type="xint" value="120467"/>
<entry key="25" type="xint" value="120475"/>
<entry key="26" type="xint" value="120483"/>
<entry key="27" type="xint" value="120491"/>
<entry key="28" type="xint" value="120499"/>
<entry key="29" type="xint" value="120507"/>
<entry key="30" type="xint" value="120515"/>
<entry key="31" type="xint" value="120523"/>
<entry key="32" type="xint" value="120531"/>
<entry key="33" type="xint" value="120539"/>
<entry key="34" type="xint" value="120547"/>
<entry key="35" type="xint" value="120555"/>
<entry key="36" type="xint" value="120563"/>
<entry key="37" type="xint" value="120571"/>
<entry key="38" type="xint" value="120579"/>
<entry key="39" type="xint" value="120587"/>
<entry key="40" type="xint" value="120595"/>
<entry key="41" type="xint" value="120603"/>
<entry key="42" type="xint" value="120611"/>
<entry key="43" type="xint" value="120619"/>
</config>
<entry key="table_rowcount" type="xint" value="7982"/>
<entry key="duplicate_row_key_suffix" type="xstring" isnull="true" value=""/>
</config>
<entry key="table_file_name" type="xstring" isnull="true" value=""/>
</config>
